Clary,33,Guinea-Bissau
Wanda,35,Saint Kitts and Nevis
Shannah,55,Brazil
Sadie,77,Uganda
Alleen,15,Saint Kitts and Nevis
Ekaterina,13,Trinidad and Tobago
Belinda,42,Ireland
Alia,64,Chile
Aaren,60,Libya
Carmela,71,Slovenia
Concettina,20,Kuwait
Danika,64,Senegal
Ashlee,51,Egypt
Bertine,47,Malawi
Rosabelle,67,Latvia
Mallory,64,Seychelles
Debee,15,Thailand
Kore,15,Papua New Guinea
Zia,36,Djibouti
Genevra,28,Saint Lucia
Reeba,15,Maldives
Annecorinne,58,Sri Lanka
Alex,11,Qatar
Eve,1,Denmark
Frank,41,Jordan
Alleen,46,India
Suzette,46,Somalia
Shirlee,5,Macedonia
Deloria,35,Burkina Faso
Kelly,79,Jamaica
Doro,1,Seychelles
Lenna,34,Sao Tome and Principe
Constance,41,Macedonia
Rozele,50,Lebanon
Dyann,5,Togo
Kylynn,64,Morocco
Allis,42,Greece
Karina,13,Bhutan
Leanna,48,Cyprus
Vivia,31,Mozambique
Regina,9,Kyrgyzstan
Audrie,23,Guinea-Bissau
Netty,48,Cape Verde
Nataline,25,Maldives
Harrietta,15,Guatemala
Britni,14,Kenya
Candy,42,Lithuania
Esmeralda,11,Mauritania
Rochette,45,Ukraine
Winny,3,Latvia
Micheline,42,Saint Kitts and Nevis
Ricky,56,New Zealand
Pierette,48,Luxembourg
Lusa,11,Gabon
Roberta,22,Nauru
Gabriellia,23,Mauritania
Almeta,3,Benin
Winny,32,Iran
Veda,12,Sierra Leone
Clary,9,Papua New Guinea
Maye,11,Bosnia and Herzegovina
Arabel,1,Monaco
Christal,40,Switzerland
Gwenneth,74,Sweden
Consuela,76,Panama
Britni,78,France
Janeczka,50,Bolivia
Meghann,80,Cameroon
Trixi,10,Djibouti
Margarette,25,Trinidad and Tobago
Yvonne,45,India
Ingrid,76,Kosovo
Angelique,13,Angola
Britni,21,Tajikistan
Doro,3,Cameroon
Regina,71,India
Charissa,33,Egypt
Cristabel,6,Chile
Ekaterina,51,Afghanistan
Cristabel,34,Latvia
Kaja,27,Greece
Isa,33,Indonesia
Annice,63,Guatemala
Gilda,23,Malta
Pamella,34,Mexico
Steffane,15,East Timor (Timor-Leste)
Anthia,34,Lesotho
Flory,43,Belgium
Bernie,10,Bosnia and Herzegovina
Ayn,44,Ghana
Allis,4,Samoa
Mureil,80,Malaysia
Adriana,59,Gabon
Pollyanna,13,Moldova
Estell,67,Cape Verde
Norine,7,Slovenia
Sheelagh,19,United Kingdom
Myrtice,31,El Salvador
Leona,73,Qatar
Sherrie,38,Albania
Natka,62,Oman
Doralynne,9,Chad
Sarette,48,Honduras
Leeanne,55,Nigeria
Gwyneth,72,Malta
Ida,9,Palau
Anica,71,El Salvador
Raf,77,Russia
Vonny,24,Grenada
Florencia,56,Palau
Alameda,29,Burkina Faso
Konstance,40,Denmark
Livvyy,28,Algeria
Ermengarde,48,Switzerland
Kate,55,Botswana
Katleen,70,Fiji
Karolina,78,Solomon Islands
Carolina,27,Honduras
Siana,15,Armenia
Jorry,52,Guinea-Bissau
Brynna,13,Moldova
Elka,4,Tunisia
Zaria,21,Antigua and Barbuda
Gilda,22,Japan
Blake,79,Ecuador
Mary,55,Chile
Jemie,30,Malta
Brynna,8,Belgium
Alyssa,63,Cape Verde
Jessamyn,68,Barbados
Calla,77,Colombia
Brana,54,Romania
Sharai,51,The Gambia
Sheelagh,39,Pakistan
Krystle,26,Honduras
Wilma,34,Antigua and Barbuda
Latisha,47,United Kingdom
Quintina,62,Algeria
Olivette,40,Oman
Charlena,43,Central African Republic
Ronna,10,Chad
Hannis,25,Estonia
Celestyna,60,Brazil
Edith,11,Italy
Susette,61,Bangladesh
Marti,7,Argentina
Althea,67,Tuvalu
Dale,72,Honduras
Ricky,11,Peru
Farrah,28,Cameroon
Tierney,62,Kiribati
Arlena,45,Maldives
Daphne,55,Belize
Fanny,41,Laos
Sadie,26,United States of America
Sandie,3,The Bahamas
Allis,27,Andorra
Dari,73,Saudi Arabia
Ira,56,Dominica
Phylis,75,New Zealand
Mahalia,80,Morocco
Meg,26,Latvia
Giustina,59,Korea
Annora,25,Ethiopia
Ayn,19,Japan
Luci,77,Haiti
Margette,67,Guinea
Dianemarie,65,Ecuador
Jemie,76,Iceland
Candy,40,United States of America
Constance,42,Taiwan
Susette,55,Slovenia
Shaylyn,41,Afghanistan
Dacia,61,Argentina
Jackie,2,Solomon Islands
Lonnie,16,Senegal
Kenna,25,Moldova
Ottilie,37,Canada
Merle,18,Luxembourg
Constance,1,Brunei
Corina,42,Finland
Therine,78,Chile
Nyssa,15,Ecuador
Rori,65,Burundi
Cathie,26,Paraguay
Joy,78,Kyrgyzstan
Catrina,49,Estonia
Keelia,56,Bhutan
Xylina,19,Grenada
Shaine,80,Belgium
Zondra,41,Papua New Guinea
Bernie,14,Cote d'Ivoire
Joeann,4,Guinea
Edee,52,Cuba
Iseabal,75,Tunisia
Siana,10,Austria
Susette,33,South Sudan
Karina,40,Burkina Faso
Eve,2,Kazakhstan
Gabi,8,India
Alex,62,Brunei
Minne,75,Cote d'Ivoire
Karina,68,Finland
Molli,3,Armenia
Dacia,16,Ukraine
Annaliese,64,Ethiopia
Basia,24,Maldives
Sandie,5,Canada
Ginnie,44,Malta
Calla,28,Grenada
Minne,68,Marshall Islands
Roz,24,Bosnia and Herzegovina
Madalyn,39,Taiwan
Annabela,51,Solomon Islands
Fred,61,Chile
Lorie,51,Uruguay
Alleen,46,Jamaica
Jere,54,Chile
Pearline,6,Tonga
Bibby,16,Angola
Alia,26,Bahrain
Ileana,26,Swaziland
Emilia,46,Zimbabwe
Max,36,Switzerland
Codie,51,Sao Tome and Principe
Livvyy,61,Sierra Leone
Giustina,13,Brazil
Ermengarde,29,Bolivia
Fina,18,Yemen
Meriel,24,Ireland
Dulce,21,Spain
Ardenia,41,Yemen
Frieda,79,Mexico
Mariele,28,Portugal
Inga,28,Benin
Anallese,11,Solomon Islands
Chastity,64,Romania
Beatriz,65,Japan
Agnese,59,Bulgaria
Lila,66,Bhutan
Morganica,41,Venezuela
Roseline,58,Georgia
Lolita,42,Brazil
Tracey,9,Seychelles
Zia,17,Canada
Anallese,3,Zambia
Dale,71,Samoa
Ashlee,32,Argentina
Edyth,62,Djibouti
Zondra,48,Israel
Consuela,58,Liechtenstein
Jinny,51,Brunei
Vevay,67,Austria
Carly,40,Bahrain
Dulcinea,7,Jordan
Albertina,30,Oman
Raina,12,Swaziland
Kary,23,Vietnam
Fidelia,4,Portugal
Corry,65,Algeria
Harmonia,15,Croatia
Tracey,35,Burkina Faso
Abbie,48,Sudan
Doro,40,Belarus
Jenda,7,Iceland
Kristan,1,Tajikistan
Edyth,27,Maldives
Vita,56,Chile
Leia,74,Tanzania
Bill,64,Botswana
Tami,35,Ireland
Janeczka,19,Norway
Vevay,18,Belarus
Abbie,15,Ukraine
Gerrie,43,Kenya
Sonni,42,Nepal
Gwenneth,42,Uruguay
Pollyanna,8,Mauritius
Damaris,50,Palau
Abbie,40,South Sudan
Sarette,50,Solomon Islands
Amii,14,Luxembourg
Aeriela,30,Panama
Fernande,78,Gabon
Tarra,17,Denmark
Dacia,52,Vietnam
Vonny,29,Eritrea
Anestassia,41,Albania
Orsola,49,Sri Lanka
Tarra,1,Haiti
Celisse,12,Cyprus
Beatriz,72,Denmark
Amii,59,Vietnam
Lorenza,77,Australia
Joleen,80,Azerbaijan
Laure,33,Namibia
Korrie,26,United Arab Emirates
Josephine,46,Afghanistan
Helena,21,Russia
Myrtice,60,Saint Vincent and the Grenadines
Ofilia,3,South Africa
Dari,52,Chad
Brynna,34,Brunei
Dianemarie,63,Angola
Karolina,78,Iran
Fina,67,Portugal
Adriana,66,Swaziland
Arabel,77,Ukraine
Kelly,9,Morocco
Sissy,6,Belarus
Sean,27,Denmark
Aigneis,24,Luxembourg
Thalia,65,Egypt
Renie,18,Spain
Lyssa,80,Tanzania
Eve,21,Egypt
Gilligan,74,Madagascar
Jackie,68,Belgium
Alleen,13,Angola
Diena,42,Belarus
Alyda,45,Equatorial Guinea
Sheree,5,Kazakhstan
Roxane,55,Madagascar
Minda,23,Niger
Annice,38,Jordan
Barbi,16,United Arab Emirates
Edith,29,Nicaragua
Caritta,38,Hungary
Doro,57,Sweden
Harmonia,6,Rwanda
Blinni,40,Paraguay
Jessamyn,61,Rwanda
Fina,65,Tonga
Fidelia,78,Korea
Coral,37,Cambodia
Pearline,75,Singapore
Melisent,28,Pakistan
Joceline,16,Kazakhstan
Tiffie,31,Japan
Ashlee,24,Germany
Joleen,53,Greece
Anthia,65,Niger
Audrie,59,Bangladesh
Ruthe,67,Afghanistan
Elvira,36,Senegal
Lila,72,Algeria
Monika,2,Algeria
Lynnea,4,Cyprus
Kenna,45,Saint Lucia
Mamie,75,Ecuador
Daryl,6,Yemen
Sophia,55,Ukraine
Gloria,17,Cote d'Ivoire
Agathe,38,Trinidad and Tobago
Shirlee,53,Cameroon
Althea,26,Liechtenstein
Desirae,70,Georgia
Clary,58,Greece
Cherrita,69,Nepal
Netty,67,Laos
Dominga,71,Kosovo
Janey,68,United Kingdom
Fredericka,30,Chad
Damaris,75,Guinea-Bissau
Jobi,37,Nigeria
Merle,27,Azerbaijan
Dorothy,69,San Marino
Doro,73,El Salvador
Cristine,69,Oman
Corly,79,Kazakhstan
Goldie,64,Greece
Verla,53,Mozambique
Jessy,75,Honduras
Jaclyn,20,Sri Lanka
Claresta,52,Bangladesh
Henriette,1,Andorra
Atlanta,19,Ethiopia
Gwenneth,14,Cuba
Bill,70,Egypt
Pamella,80,Tunisia
Mahalia,58,Uganda
Tersina,13,The Gambia
Susette,58,Algeria
Mady,8,Benin
Rosene,62,Tunisia
Lynea,56,Cote d'Ivoire
Winifred,64,Monaco
Emilia,46,Latvia
Marnia,35,Argentina
Heddie,8,Uruguay
Elyssa,17,Luxembourg
Tracey,20,Argentina
Kaja,4,Ecuador
Chrystel,14,Togo
Tybie,22,Switzerland
Orsola,61,Tunisia
Ursulina,71,Czech Republic
Tersina,75,Antigua and Barbuda
Isa,46,Yemen
Flory,31,Bosnia and Herzegovina
Kelly,36,El Salvador
Marline,23,Panama
Livvyy,31,Tuvalu
Margalo,23,Tajikistan
Constance,16,Gabon
Cecile,20,Papua New Guinea
Cordi,9,Saint Vincent and the Grenadines
Ardys,66,Laos
Adore,53,Tajikistan
Vere,51,Algeria
Kimberley,27,Gabon
Britni,55,Philippines
Britte,73,Albania
Ingrid,34,Mauritania
Lolita,60,Senegal
Ida,13,Cyprus
Agathe,42,Paraguay
Misha,60,The Bahamas
Nikki,73,Vanuatu
Mireielle,79,Vatican City (Holy See)
Amara,41,Azerbaijan
Brana,63,Ethiopia
Mallory,10,United Kingdom
Damaris,44,Libya
Cyb,76,Cote d'Ivoire
Ellette,10,Zambia
Ottilie,9,Somalia
Nanete,55,Antigua and Barbuda
Leanna,58,Lithuania
Blondelle,22,Tajikistan
Wilma,76,Guatemala
Margarette,13,Slovenia
Annabela,66,Sri Lanka
Kore,3,Tajikistan
Clary,25,Latvia
Bill,72,Swaziland
Meriel,8,Swaziland
Carmela,61,Belarus
Myriam,80,Guatemala
Heddie,77,Jordan
Gratia,45,Chad
Halette,43,Philippines
Maud,38,Palau
Catharine,69,Norway
Cristine,64,Poland
Korrie,29,Rwanda
Ottilie,29,Sri Lanka
Jinny,3,Malaysia
Cyb,60,Marshall Islands
Mara,67,Sao Tome and Principe
Sallie,3,Kenya
Shandie,24,Tunisia
Katuscha,22,Russia
Yetty,30,Honduras
Latisha,35,Eritrea
Morganica,24,Mauritius
Mildrid,36,Chad
Lynde,42,Ethiopia
Devina,45,Costa Rica
Zondra,1,Papua New Guinea
Edee,71,France
Blondelle,64,Vietnam
Yetty,62,Oman
Consuela,75,Burundi
Karena,74,Palau
Debee,1,Honduras
Frank,69,Iceland
Courtnay,39,Fiji
Cristabel,62,Taiwan
Aigneis,29,Georgia
Lorie,10,Greece
Zia,36,Ecuador
Elena,62,Burkina Faso
Glenda,71,Uruguay
Lisette,12,Brunei
Nikki,33,Congo
Ellette,6,Turkmenistan
Viviene,1,Equatorial Guinea
Pearline,13,Andorra
Violet,3,Qatar
Daphne,28,Austria
Lorne,71,South Sudan
Justinn,49,Mongolia
Vonny,39,Zambia
Belva,55,Egypt
Barbara,59,United States of America
Danny,61,Denmark
Rhoda,63,Lithuania
Frank,18,Ghana
Berta,3,Saudi Arabia
Bobbi,73,Vietnam
Esmeralda,68,Niger
Christal,59,Tunisia
Sabina,44,Gabon
Anallese,75,Sri Lanka
Adelle,2,Jamaica
Lusa,36,Estonia
Tersina,12,Israel
Susette,44,Italy
Alexine,59,The Gambia
Meriel,66,South Africa
Layla,18,Albania
Joeann,56,Paraguay
Averyl,25,Chad
Beatriz,40,Malawi
Deane,49,Kazakhstan
Nicoli,20,Montenegro
Modestia,21,Luxembourg
Aaren,27,Hungary
Gui,26,Italy
Mariann,30,Niger
Maridel,66,Equatorial Guinea
Rani,75,Lithuania
Wynne,28,Equatorial Guinea
Nollie,36,Solomon Islands
Barbi,10,Malawi
Darci,28,Moldova
Roslyn,32,Namibia
Rayna,41,Equatorial Guinea
Leanna,37,Vanuatu
Glynnis,68,Uruguay
Clo,50,Nepal
Caryl,71,Senegal
Jany,40,Bolivia
Aubrie,54,Madagascar
Adele,54,Kenya
Magdalena,3,Trinidad and Tobago
Aurelie,10,Senegal
Rubie,25,France
Deloria,19,United Arab Emirates
Aurelie,72,The Gambia
Sheree,24,Suriname
Starla,27,Oman
Jobi,59,Uzbekistan
Lorie,70,Peru
Frieda,10,Somalia
Maye,61,Zimbabwe
Ardenia,68,Haiti
Kellen,54,El Salvador
Rani,77,Ireland
Trudie,49,Brunei
Judy,64,Ghana
Orelia,4,Nicaragua
Mara,28,Rwanda
Nadine,5,Trinidad and Tobago
Cissiee,44,Botswana
Adele,61,Armenia
Esmeralda,44,Malawi
Loree,31,Russia
Barbi,25,Uruguay
Micheline,35,Niger
Melisent,56,Monaco
Caressa,63,Guinea-Bissau
Concettina,55,Iran
Deloria,76,Lebanon
Jessy,78,France
Wilma,78,East Timor (Timor-Leste)
Raina,61,Belize
Neila,76,Monaco
Leanna,22,Mauritius
Florie,73,Nepal
Joelly,67,Bulgaria
Cecile,15,Sierra Leone
Zaria,32,Brunei
Lelah,8,Philippines
Rebeca,54,Oman
Tomasina,14,Saudi Arabia
Maridel,71,Jamaica
Kellen,3,Russia
Patricia,64,Congo
Oona,36,Argentina
Caritta,70,Trinidad and Tobago
Alejandra,67,Comoros
Ketti,78,Syria
Kittie,55,Comoros
Gianina,25,Tunisia
Amara,13,Malaysia
Leontine,23,Vatican City (Holy See)
Kittie,64,Kazakhstan
Loree,27,Austria
Hope,40,Liberia
Caressa,53,Sao Tome and Principe
Barbi,44,Fiji
Lorie,43,Belize
Kore,68,Liechtenstein
Kristan,42,Togo
Jillayne,63,Estonia
Zia,42,Libya
Evaleen,25,Tanzania
Rosanne,62,Laos
Michaelina,16,Nicaragua
Lory,55,Djibouti
Valeda,18,Angola
Laurene,56,Qatar
Carmencita,62,Luxembourg
Tersina,13,France
Christian,63,Cuba
Netty,18,Malawi
Edyth,6,El Salvador
Daphne,5,Slovenia
Alyssa,40,Romania
Ermengarde,10,Yemen
Margette,19,Philippines
Maryellen,9,Laos
Dacia,54,Uzbekistan
Basia,5,Bangladesh
Benita,64,Jordan
Gabi,16,Uganda
Dorice,53,Libya
Merle,69,Guinea-Bissau
Sallie,29,Pakistan
Pierette,48,Saint Kitts and Nevis
Frances,80,Comoros
Cecile,5,Mauritius
Cecile,25,Liberia
Tarra,21,Albania
Christian,30,Thailand
Marguerite,33,Tunisia
Kimmy,76,Somalia
Vinita,18,Honduras
Jordan,27,Azerbaijan
Kylynn,20,Saint Vincent and the Grenadines
Gusty,80,Turkey
Mallory,40,Ukraine
Tybie,69,Barbados
Dode,71,United Kingdom
Celene,12,Equatorial Guinea
Mignon,62,Croatia
Lila,13,Andorra
Tabbatha,38,Kenya
Joelly,3,Brazil
Bertine,60,Vanuatu
Melisent,76,Poland
Sheree,72,Namibia
Candi,55,Antigua and Barbuda
Max,76,Guatemala
Thalia,3,Namibia
Margalo,16,Cambodia
Maye,63,Morocco
Kirbee,54,Somalia
Annora,72,Afghanistan
Mady,10,Poland
Lita,46,Colombia
Angela,38,Colombia
Lorenza,62,Georgia
Alyda,61,Samoa
Marika,48,Guinea-Bissau
Ira,9,Jordan
Paulita,21,Guyana
Anallese,30,Cape Verde
Dawn,53,Turkey
Gabriellia,54,Samoa
Ashlee,18,India
Kaja,46,Congo
Marsiella,13,Burkina Faso
Catrina,5,Comoros
Sashenka,59,Nauru
Gabriellia,59,Ecuador
Margarette,55,Sweden
Sindee,23,Seychelles
Lexine,41,Mauritius
Etta,28,Mozambique
Sheree,35,Saudi Arabia
Deirdre,66,East Timor (Timor-Leste)
Alex,29,Estonia
Frank,38,Sao Tome and Principe
Luci,7,Russia
Doro,38,Tunisia
Luci,2,Nauru
Kary,16,Iran
Elfreda,61,Montenegro
Ernesta,53,Belize
Kelly,55,Poland
Eadie,14,Tonga
Aubrie,73,Belize
Amelia,73,Sierra Leone
Myrtice,13,Grenada
Sheree,38,Saudi Arabia
Imojean,67,Cambodia
Nariko,72,Andorra
Orelia,54,Australia
Caritta,8,Kosovo
Priscilla,14,Niger
Carly,63,Botswana
Susette,61,Guatemala
Glenda,24,Spain
Siana,22,Egypt
Max,42,Russia
Meriel,74,Niger
Modestia,7,Guatemala
Konstance,10,Liechtenstein
Max,50,Zambia
Elie,31,Belgium
Odessa,51,Mexico
Louella,9,Palau
Sabina,16,Botswana
Trixi,58,Mali
Tamqrah,12,Seychelles
Correy,6,Ghana
Justinn,7,Honduras
Amalie,23,Haiti
Zaria,65,Tajikistan
Viviene,40,Mozambique
Jessamyn,41,Serbia
Nariko,76,Bolivia
Kristan,58,Mauritania
Antonietta,67,Guatemala
Fanny,13,Maldives
Georgetta,66,Sri Lanka
Daryl,12,Myanmar (Burma)
Britte,73,Grenada
Bibby,28,Ecuador
Merle,71,Mozambique
Agnese,19,Morocco
Mireielle,62,Madagascar
Lexine,46,Bulgaria
Fernande,41,Haiti
Leona,50,Tonga
Pollyanna,41,Iraq
Hildegaard,77,Venezuela
Jillayne,9,Belarus
Modestia,16,Sierra Leone
Katuscha,17,Belize
Gaylene,72,Madagascar
Aimil,6,Tuvalu
Yolane,38,Taiwan
Celene,66,Seychelles
Carolina,27,Tunisia
Tani,19,Ethiopia
Amara,65,Gabon
Christian,52,Samoa
Constance,78,Korea
Ardeen,78,Tajikistan
Tatiania,45,Malta
Alyda,25,Bhutan
Kamilah,58,Seychelles
Tomasina,15,Burundi
Tera,37,Kuwait
Layla,4,Zimbabwe
Talya,50,Moldova
Kristina,22,Armenia
Carlie,58,Netherlands
Gretal,66,South Africa
Maridel,30,Kuwait
Trudie,40,Vanuatu
Carmela,10,Lebanon
Allyce,53,Uzbekistan
Debee,15,East Timor (Timor-Leste)
Joelly,43,Algeria
Ninnetta,42,Uruguay
Bee,23,Albania
Tersina,43,Senegal
Fanchon,66,Kosovo
Gerianna,51,Bulgaria
Zondra,18,Andorra
Elmira,60,Sierra Leone
Raina,10,Serbia
Raina,66,Philippines
Elvira,15,Greece
Roz,79,Andorra
Fidelia,51,Myanmar (Burma)
Helena,3,Monaco
Kathi,51,Honduras
Ida,41,Kuwait
Albertina,47,Israel
Laure,12,Ghana
Brooks,54,Cape Verde
Dulcinea,35,United Kingdom
Vanessa,77,Antigua and Barbuda
Sherrie,72,Austria
Melina,30,Somalia
Sheelagh,52,Bolivia
Nadine,49,Afghanistan
Cherrita,45,Uzbekistan
Lynea,27,Gabon
Kimberley,47,Togo
Dianemarie,69,Jamaica
Nollie,34,Togo
Brandise,35,Myanmar (Burma)
Elora,44,Croatia
Calla,35,Morocco
Ernesta,73,Turkmenistan
Jessy,2,Mozambique
Carree,19,South Sudan
Nyssa,31,Azerbaijan
Fayre,45,Sao Tome and Principe
Rubie,49,Poland
Babita,79,Greece
Emylee,79,Nauru
Bertine,46,Honduras
Valera,12,Slovakia
Tabbatha,80,Latvia
Cristine,72,Bosnia and Herzegovina
Gwyneth,66,Kazakhstan
Tierney,47,Czech Republic
Jenda,49,Trinidad and Tobago
Gratia,6,Indonesia
Cordi,76,Armenia
Aurore,37,Namibia
Marleah,57,Cuba
Tierney,25,Spain
Zia,29,Italy
Philis,8,India
Maurene,76,Seychelles
Annabela,74,Qatar
Jsandye,60,Lithuania
Nicoli,30,Australia
Tarra,22,Haiti
Lilith,28,Libya
Rochette,48,Somalia
Chloris,62,Eritrea
Sindee,10,Mali
Meg,68,Turkey
Liana,9,United States of America
Petronia,76,Mauritania
Roseline,43,Thailand
Ida,36,Costa Rica
Cassandra,33,Denmark
Augustine,8,China
Lorenza,61,Central African Republic
Natka,46,Lebanon
Feliza,58,Nigeria
Jolyn,73,Chile
Lyssa,62,Uzbekistan
Beth,40,Bangladesh
Christian,29,Ecuador
Gaylene,48,Saint Vincent and the Grenadines
Charmaine,42,Kyrgyzstan
Gertrud,2,Kosovo
Nerta,34,Ethiopia
Aili,42,Armenia
Renae,74,Luxembourg
Tomasina,31,Iceland
Dione,45,Grenada
Cathyleen,13,Eritrea
Hallie,38,Sao Tome and Principe
Tracey,29,South Africa
Laurene,77,Pakistan
Cherrita,44,Nauru
Meriel,11,Paraguay
Lolita,72,Malawi
Madelle,38,Burundi
Kalina,45,Luxembourg
Tabbatha,35,Barbados
Margette,29,Chad
Sidoney,66,Hungary
Eolanda,69,United Arab Emirates
Marleah,16,East Timor (Timor-Leste)
Corly,40,Trinidad and Tobago
Candy,42,Uruguay
Ebonee,70,Botswana
Jessy,44,Poland
Micheline,66,Turkmenistan
Bernardine,43,Turkey
Noelle,71,Vanuatu
Fina,42,Germany
Asia,11,Cameroon
Romona,20,Madagascar
Sibella,79,Kenya
Queenie,73,Fiji
Fanny,75,Cyprus
Gui,31,Bangladesh
Clary,28,Finland
Pierette,76,Togo
Gusty,51,Philippines
Celisse,63,Italy
Helsa,29,Togo
Margette,33,Dominican Republic
Myriam,26,Paraguay
Wynne,22,Sierra Leone
Doro,4,Seychelles
Kary,43,Angola
Maridel,42,Kiribati
Cathie,52,Myanmar (Burma)
Jinny,73,Dominican Republic
Aurore,66,Chad
Nannie,56,Azerbaijan
Ileana,22,Burundi
Alia,52,Fiji
Lanna,13,Uganda
Genovera,37,Canada
Dode,56,Panama
Ernesta,21,Finland
Lacie,61,Romania
Gui,78,Mali
Hyacinthe,65,Austria
Teriann,17,Trinidad and Tobago
Mahalia,54,Vatican City (Holy See)
Jordan,57,Italy
Felice,41,Andorra
Verla,23,Lesotho
Halette,36,Grenada
Dagmar,67,Saint Lucia
Tressa,23,Kenya
Gloria,10,Belgium
Elka,9,Saint Vincent and the Grenadines
Margarette,8,Palau
Alexine,74,Hungary
Diena,9,Estonia
Aubrie,6,Ghana
Hyacinthe,52,Liberia
Lanna,35,Georgia
Janis,68,Botswana
Joane,7,Mali
Janis,6,Kyrgyzstan
Mildrid,5,Sri Lanka
Bobbi,7,Honduras
Cecile,14,Laos
Elyssa,30,Indonesia
Agnese,62,Cyprus
Magdalena,68,Ghana
Queenie,24,Tanzania
Cristine,50,Laos
Betta,4,Sierra Leone
Jsandye,17,Solomon Islands
Marti,80,Sri Lanka
Zsa Zsa,68,Vatican City (Holy See)
Marinna,26,Qatar
Vivia,36,China
Alia,68,Moldova
Deane,50,Slovenia
Estell,79,Egypt
Clarice,55,Trinidad and Tobago
Myriam,35,Central African Republic
Dione,48,Equatorial Guinea
Binny,23,Laos
Tonia,54,Sao Tome and Principe
Lizzie,57,Myanmar (Burma)
Yolane,47,Mozambique
Marinna,32,Kenya
Darci,68,Malaysia
Wendi,64,Austria
Vivia,8,Hungary
Nadine,51,Togo
Steffane,12,Seychelles
Yolane,51,Moldova
Ardeen,40,Peru
Jaime,76,Dominican Republic
Stevana,61,Mozambique
Sabina,54,Cape Verde
Bee,14,Togo
Gloria,69,Croatia
Brooks,64,Tuvalu
Lizzie,80,Palau
Demetris,44,Equatorial Guinea
Amalie,74,Uganda
Imojean,30,Kazakhstan
Sarette,28,Saint Kitts and Nevis
Zsa Zsa,35,Denmark
Felice,65,Belize
Daphne,20,United Kingdom
Maryellen,59,San Marino
Trudie,17,Togo
Aimil,33,Iraq
Netty,44,Belgium
Brana,24,Guinea-Bissau
Ursulina,51,Samoa
Ezmeralda,34,Netherlands
Alia,77,Vatican City (Holy See)
Mathilda,57,Norway
Elmira,10,Uganda
Dulcinea,28,Nauru
Cathyleen,33,Vatican City (Holy See)
Mellicent,25,Laos
Tersina,78,Belize
Lacie,33,Equatorial Guinea
Taffy,29,Nauru
Tabbatha,48,Denmark
Chickie,59,El Salvador
Leanna,42,Sudan
Frank,26,Bangladesh
Gwenneth,11,Lebanon
Renie,41,Argentina
Kristina,63,Macedonia
Elvira,53,Thailand
Gisela,73,Hungary
Linzy,25,Iceland
Jaime,1,Cambodia
Miquela,20,Belarus
Nerta,22,Italy
Dione,45,Lesotho
Joane,35,Bosnia and Herzegovina
Arabel,15,Saint Vincent and the Grenadines
Marylou,15,Georgia
Emmey,61,Austria
Esmeralda,73,Grenada
Peri,25,Seychelles
Moyna,68,Swaziland
Lory,80,Malaysia
Carly,44,Bangladesh
Edith,9,Finland
Drucie,7,Belarus
Teddie,21,Swaziland
Charlena,63,Saint Lucia
Hayley,56,Bangladesh
Steffane,61,Japan
Flo,6,Montenegro
Gilda,48,Laos
Lilith,6,Venezuela
Courtnay,79,South Sudan