Roslyn,32,Namibia
Rayna,41,Equatorial Guinea
Leanna,37,Vanuatu
Glynnis,68,Uruguay
Clo,50,Nepal
Caryl,71,Senegal
Jany,40,Bolivia
Aubrie,54,Madagascar
Adele,54,Kenya
Magdalena,3,Trinidad and Tobago
Aurelie,10,Senegal
Rubie,25,France
Deloria,19,United Arab Emirates
Aurelie,72,The Gambia
Sheree,24,Suriname
Starla,27,Oman
Jobi,59,Uzbekistan
Lorie,70,Peru
Frieda,10,Somalia
Maye,61,Zimbabwe
Ardenia,68,Haiti
Kellen,54,El Salvador
Rani,77,Ireland
Trudie,49,Brunei
Judy,64,Ghana
Orelia,4,Nicaragua
Mara,28,Rwanda
Nadine,5,Trinidad and Tobago
Cissiee,44,Botswana
Adele,61,Armenia
Esmeralda,44,Malawi
Loree,31,Russia
Barbi,25,Uruguay
Micheline,35,Niger
Melisent,56,Monaco
Caressa,63,Guinea-Bissau
Concettina,55,Iran
Deloria,76,Lebanon
Jessy,78,France
Wilma,78,East Timor (Timor-Leste)
Raina,61,Belize
Neila,76,Monaco
Leanna,22,Mauritius
Florie,73,Nepal
Joelly,67,Bulgaria
Cecile,15,Sierra Leone
Zaria,32,Brunei
Lelah,8,Philippines
Rebeca,54,Oman
Tomasina,14,Saudi Arabia
Maridel,71,Jamaica
Kellen,3,Russia
Patricia,64,Congo
Oona,36,Argentina
Caritta,70,Trinidad and Tobago
Alejandra,67,Comoros
Ketti,78,Syria
Kittie,55,Comoros
Gianina,25,Tunisia
Amara,13,Malaysia
Leontine,23,Vatican City (Holy See)
Kittie,64,Kazakhstan
Loree,27,Austria
Hope,40,Liberia
Caressa,53,Sao Tome and Principe
Barbi,44,Fiji
Lorie,43,Belize
Kore,68,Liechtenstein
Kristan,42,Togo
Jillayne,63,Estonia
Zia,42,Libya
Evaleen,25,Tanzania
Rosanne,62,Laos
Michaelina,16,Nicaragua
Lory,55,Djibouti
Valeda,18,Angola
Laurene,56,Qatar
Carmencita,62,Luxembourg
Tersina,13,France
Christian,63,Cuba
Netty,18,Malawi
Edyth,6,El Salvador
Daphne,5,Slovenia
Alyssa,40,Romania
Ermengarde,10,Yemen
Margette,19,Philippines
Maryellen,9,Laos
Dacia,54,Uzbekistan
Basia,5,Bangladesh
Benita,64,Jordan
Gabi,16,Uganda
Dorice,53,Libya
Merle,69,Guinea-Bissau
Sallie,29,Pakistan
Pierette,48,Saint Kitts and Nevis
Frances,80,Comoros
Cecile,5,Mauritius
Cecile,25,Liberia
Tarra,21,Albania
Christian,30,Thailand
Marguerite,33,Tunisia
Kimmy,76,Somalia
Vinita,18,Honduras
Jordan,27,Azerbaijan
Kylynn,20,Saint Vincent and the Grenadines
Gusty,80,Turkey
Mallory,40,Ukraine
Tybie,69,Barbados
Dode,71,United Kingdom
Celene,12,Equatorial Guinea
Mignon,62,Croatia
Lila,13,Andorra
Tabbatha,38,Kenya
Joelly,3,Brazil
Bertine,60,Vanuatu
Melisent,76,Poland
Sheree,72,Namibia
Candi,55,Antigua and Barbuda
Max,76,Guatemala
Thalia,3,Namibia
Margalo,16,Cambodia
Maye,63,Morocco
Kirbee,54,Somalia
Annora,72,Afghanistan
Mady,10,Poland
Lita,46,Colombia
Angela,38,Colombia
Lorenza,62,Georgia
Alyda,61,Samoa
Marika,48,Guinea-Bissau
Ira,9,Jordan
Paulita,21,Guyana
Anallese,30,Cape Verde
Dawn,53,Turkey
Gabriellia,54,Samoa
Ashlee,18,India
Kaja,46,Congo
Marsiella,13,Burkina Faso
Catrina,5,Comoros
Sashenka,59,Nauru
Gabriellia,59,Ecuador
Margarette,55,Sweden
Sindee,23,Seychelles
Lexine,41,Mauritius
Etta,28,Mozambique
Sheree,35,Saudi Arabia
Deirdre,66,East Timor (Timor-Leste)
Alex,29,Estonia
Frank,38,Sao Tome and Principe
Luci,7,Russia
Doro,38,Tunisia
Luci,2,Nauru
Kary,16,Iran
Elfreda,61,Montenegro
Ernesta,53,Belize
Kelly,55,Poland
Eadie,14,Tonga
Aubrie,73,Belize
Amelia,73,Sierra Leone
Myrtice,13,Grenada
Sheree,38,Saudi Arabia
Imojean,67,Cambodia
Nariko,72,Andorra
Orelia,54,Australia
Caritta,8,Kosovo
Priscilla,14,Niger
Carly,63,Botswana
Susette,61,Guatemala
Glenda,24,Spain
Siana,22,Egypt
Max,42,Russia
Meriel,74,Niger
Modestia,7,Guatemala
Konstance,10,Liechtenstein
Max,50,Zambia
Elie,31,Belgium
Odessa,51,Mexico
Louella,9,Palau
Sabina,16,Botswana
Trixi,58,Mali
Tamqrah,12,Seychelles
Correy,6,Ghana
Justinn,7,Honduras
Amalie,23,Haiti
Zaria,65,Tajikistan
Viviene,40,Mozambique
Jessamyn,41,Serbia
Nariko,76,Bolivia
Kristan,58,Mauritania
Antonietta,67,Guatemala
Fanny,13,Maldives
Georgetta,66,Sri Lanka
Daryl,12,Myanmar (Burma)
Britte,73,Grenada
Bibby,28,Ecuador
Merle,71,Mozambique
Agnese,19,Morocco
Mireielle,62,Madagascar
Lexine,46,Bulgaria
Fernande,41,Haiti
Leona,50,Tonga
Pollyanna,41,Iraq
Hildegaard,77,Venezuela
Jillayne,9,Belarus
Modestia,16,Sierra Leone
Katuscha,17,Belize
Gaylene,72,Madagascar
Aimil,6,Tuvalu
Yolane,38,Taiwan
Celene,66,Seychelles
Carolina,27,Tunisia
Tani,19,Ethiopia
Amara,65,Gabon
Christian,52,Samoa
Constance,78,Korea
Ardeen,78,Tajikistan
Tatiania,45,Malta
Alyda,25,Bhutan
Kamilah,58,Seychelles
Tomasina,15,Burundi
Tera,37,Kuwait
Layla,4,Zimbabwe
Talya,50,Moldova
Kristina,22,Armenia
Carlie,58,Netherlands
Gretal,66,South Africa
Maridel,30,Kuwait
Trudie,40,Vanuatu
Carmela,10,Lebanon
Allyce,53,Uzbekistan
Debee,15,East Timor (Timor-Leste)
Joelly,43,Algeria
Ninnetta,42,Uruguay
Bee,23,Albania
Tersina,43,Senegal
Fanchon,66,Kosovo
Gerianna,51,Bulgaria
Zondra,18,Andorra
Elmira,60,Sierra Leone
Raina,10,Serbia
Raina,66,Philippines
Elvira,15,Greece
Roz,79,Andorra
Fidelia,51,Myanmar (Burma)
Helena,3,Monaco
Kathi,51,Honduras
Ida,41,Kuwait
Albertina,47,Israel
Laure,12,Ghana
Brooks,54,Cape Verde
Dulcinea,35,United Kingdom
Vanessa,77,Antigua and Barbuda
Sherrie,72,Austria
Melina,30,Somalia
Sheelagh,52,Bolivia
Nadine,49,Afghanistan
Cherrita,45,Uzbekistan
Lynea,27,Gabon
Kimberley,47,Togo
Dianemarie,69,Jamaica
Nollie,34,Togo
Brandise,35,Myanmar (Burma)
Elora,44,Croatia
Calla,35,Morocco
Ernesta,73,Turkmenistan
Jessy,2,Mozambique
Carree,19,South Sudan
Nyssa,31,Azerbaijan
Fayre,45,Sao Tome and Principe
Rubie,49,Poland
Babita,79,Greece
Emylee,79,Nauru
Bertine,46,Honduras
Valera,12,Slovakia
Tabbatha,80,Latvia
Cristine,72,Bosnia and Herzegovina
Gwyneth,66,Kazakhstan
Tierney,47,Czech Republic
Jenda,49,Trinidad and Tobago
Gratia,6,Indonesia
Cordi,76,Armenia
Aurore,37,Namibia
Marleah,57,Cuba
Tierney,25,Spain
Zia,29,Italy
Philis,8,India
Maurene,76,Seychelles
Annabela,74,Qatar
Jsandye,60,Lithuania
Nicoli,30,Australia
Tarra,22,Haiti
Lilith,28,Libya
Rochette,48,Somalia
Chloris,62,Eritrea
Sindee,10,Mali
Meg,68,Turkey
Liana,9,United States of America
Petronia,76,Mauritania
Roseline,43,Thailand
Ida,36,Costa Rica
Cassandra,33,Denmark
Augustine,8,China
Lorenza,61,Central African Republic
Natka,46,Lebanon
Feliza,58,Nigeria
Jolyn,73,Chile
Lyssa,62,Uzbekistan
Beth,40,Bangladesh
Christian,29,Ecuador
Gaylene,48,Saint Vincent and the Grenadines
Charmaine,42,Kyrgyzstan
Gertrud,2,Kosovo
Nerta,34,Ethiopia
Aili,42,Armenia
Renae,74,Luxembourg
Tomasina,31,Iceland
Dione,45,Grenada
Cathyleen,13,Eritrea
Hallie,38,Sao Tome and Principe
Tracey,29,South Africa
Laurene,77,Pakistan
Cherrita,44,Nauru
Meriel,11,Paraguay
Lolita,72,Malawi
Madelle,38,Burundi
Kalina,45,Luxembourg
Tabbatha,35,Barbados
Margette,29,Chad
Sidoney,66,Hungary
Eolanda,69,United Arab Emirates
Marleah,16,East Timor (Timor-Leste)
Corly,40,Trinidad and Tobago
Candy,42,Uruguay
Ebonee,70,Botswana
Jessy,44,Poland
Micheline,66,Turkmenistan
Bernardine,43,Turkey
Noelle,71,Vanuatu
Fina,42,Germany
Asia,11,Cameroon
Romona,20,Madagascar
Sibella,79,Kenya
Queenie,73,Fiji
Fanny,75,Cyprus
Gui,31,Bangladesh
Clary,28,Finland
Pierette,76,Togo
Gusty,51,Philippines
Celisse,63,Italy
Helsa,29,Togo
Margette,33,Dominican Republic
Myriam,26,Paraguay
Wynne,22,Sierra Leone
Doro,4,Seychelles
Kary,43,Angola
Maridel,42,Kiribati
Cathie,52,Myanmar (Burma)
Jinny,73,Dominican Republic
Aurore,66,Chad
Nannie,56,Azerbaijan
Ileana,22,Burundi
Alia,52,Fiji
Lanna,13,Uganda
Genovera,37,Canada
Dode,56,Panama
Ernesta,21,Finland
Lacie,61,Romania
Gui,78,Mali
Hyacinthe,65,Austria
Teriann,17,Trinidad and Tobago
Mahalia,54,Vatican City (Holy See)
Jordan,57,Italy
Felice,41,Andorra
Verla,23,Lesotho
Halette,36,Grenada
Dagmar,67,Saint Lucia
Tressa,23,Kenya
Gloria,10,Belgium
Elka,9,Saint Vincent and the Grenadines
Margarette,8,Palau
Alexine,74,Hungary
Diena,9,Estonia
Aubrie,6,Ghana
Hyacinthe,52,Liberia
Lanna,35,Georgia
Janis,68,Botswana
Joane,7,Mali
Janis,6,Kyrgyzstan
Mildrid,5,Sri Lanka
Bobbi,7,Honduras
Cecile,14,Laos
Elyssa,30,Indonesia
Agnese,62,Cyprus
Magdalena,68,Ghana
Queenie,24,Tanzania
Cristine,50,Laos
Betta,4,Sierra Leone
Jsandye,17,Solomon Islands
Marti,80,Sri Lanka
Zsa Zsa,68,Vatican City (Holy See)
Marinna,26,Qatar
Vivia,36,China
Alia,68,Moldova
Deane,50,Slovenia
Estell,79,Egypt
Clarice,55,Trinidad and Tobago
Myriam,35,Central African Republic
Dione,48,Equatorial Guinea
Binny,23,Laos
Tonia,54,Sao Tome and Principe
Lizzie,57,Myanmar (Burma)
Yolane,47,Mozambique
Marinna,32,Kenya
Darci,68,Malaysia
Wendi,64,Austria
Vivia,8,Hungary
Nadine,51,Togo
Steffane,12,Seychelles
Yolane,51,Moldova
Ardeen,40,Peru
Jaime,76,Dominican Republic
Stevana,61,Mozambique
Sabina,54,Cape Verde
Bee,14,Togo
Gloria,69,Croatia
Brooks,64,Tuvalu
Lizzie,80,Palau
Demetris,44,Equatorial Guinea
Amalie,74,Uganda
Imojean,30,Kazakhstan
Sarette,28,Saint Kitts and Nevis
Zsa Zsa,35,Denmark
Felice,65,Belize
Daphne,20,United Kingdom
Maryellen,59,San Marino
Trudie,17,Togo
Aimil,33,Iraq
Netty,44,Belgium
Brana,24,Guinea-Bissau
Ursulina,51,Samoa
Ezmeralda,34,Netherlands
Alia,77,Vatican City (Holy See)
Mathilda,57,Norway
Elmira,10,Uganda
Dulcinea,28,Nauru
Cathyleen,33,Vatican City (Holy See)
Mellicent,25,Laos
Tersina,78,Belize
Lacie,33,Equatorial Guinea
Taffy,29,Nauru
Tabbatha,48,Denmark
Chickie,59,El Salvador
Leanna,42,Sudan
Frank,26,Bangladesh
Gwenneth,11,Lebanon
Renie,41,Argentina
Kristina,63,Macedonia
Elvira,53,Thailand
Gisela,73,Hungary
Linzy,25,Iceland
Jaime,1,Cambodia
Miquela,20,Belarus
Nerta,22,Italy
Dione,45,Lesotho
Joane,35,Bosnia and Herzegovina
Arabel,15,Saint Vincent and the Grenadines
Marylou,15,Georgia
Emmey,61,Austria
Esmeralda,73,Grenada
Peri,25,Seychelles
Moyna,68,Swaziland
Lory,80,Malaysia
Carly,44,Bangladesh
Edith,9,Finland
Drucie,7,Belarus
Teddie,21,Swaziland
Charlena,63,Saint Lucia
Hayley,56,Bangladesh
Steffane,61,Japan
Flo,6,Montenegro
Gilda,48,Laos
Lilith,6,Venezuela
Courtnay,79,South Sudan